<?xml version="1.0" encoding="UTF-8" standalone="yes"?>
<addon id="repository.crxssed" name="repository.crxssed" version="1.2" provider-name="crxssed7">
    <extension point="xbmc.addon.repository" name="crxssed's repository">
        <dir>
            <info compressed="false">https://raw.githubusercontent.com/crxssed7/repository.crxssed/master/repo/zips/addons.xml</info>
            <checksum>https://raw.githubusercontent.com/crxssed7/repository.crxssed/master/repo/zips/addons.xml.md5</checksum>
            <datadir zip="true">https://raw.githubusercontent.com/crxssed7/repository.crxssed/master/repo/zips/</datadir>
        </dir>
        <dir>
            <info compressed="false">https://raw.githubusercontent.com/Gujal00/smrzips/master/addons.xml</info>
            <checksum>https://raw.githubusercontent.com/Gujal00/smrzips/master/addons.xml.md5</checksum>
            <datadir zip="true">https://raw.githubusercontent.com/Gujal00/smrzips/master/zips/</datadir>
        </dir>
    </extension>
    <extension point="xbmc.addon.metadata">
        <summary>repository.crxssed</summary>
        <description>crxssed's personal collection on Kodi addons. not for public use.</description>
        <disclaimer>https://crxssed.dev/repository.crxssed/</disclaimer>
        <platform>all</platform>
        <assets>
            <icon>icon.png</icon>
            <fanart>fanart.jpg</fanart>
        </assets>
    </extension>
</addon>