<?xml version="1.0" encoding="UTF-8" standalone="yes" ?>
<addon id="plugin.video.vska" name="vska" version="0.0.22" provider-name="crxssed">
    <requires>
        <import addon="xbmc.python" version="2.25.0"/>
        <import addon="script.module.requests" />
        <import addon="script.module.resolveurl"/>
    </requires>
    <extension point="xbmc.python.pluginsource" library="main.py">
        <provides>video</provides>
    </extension>
    <extension point="xbmc.addon.metadata">
        <description>vska</description>
        <disclaimer>https://github.com/crxssed7</disclaimer>
        <summary>vska</summary>
        <language>en</language>
        <platform>all</platform>
        <license>GNU GENERAL PUBLIC LICENSE. Version 3, June 2007</license>
        <website>https://github.com/crxssed7</website>
        <assets>
            <icon>icon.png</icon>
            <fanart>fanart.jpg</fanart>
        </assets>
    </extension>
</addon>
